"","mean_k","filing_year","Ctry_code"
"1",19.2415909359141,1984,"Japan"
"2",14.3407916299004,1984,"Germany"
"3",14.3052893725299,1984,"United Kingdom"
"4",15.013763340526,1984,"France"
"5",12.8521126760563,1984,"Switzerland"
"6",12.7982708933718,1984,"Italy"
"7",13.2045685279188,1984,"Sweden"
"8",12.0072780203785,1984,"Austria"
"9",14.0280931756994,1984,"Canada"
"10",16.9895833333333,1984,"Netherlands"
"11",12.2896494156928,1984,"Australia"
"12",14.5173099078341,1984,"United States"
"13",11.4486486486486,1984,"Spain"
"14",11.3967007069914,1984,"Finland"
"15",12.7285714285714,1984,"South Korea"
"16",0,1984,"China"
"17",19.2887870235839,1984.29292929293,"Japan"
"18",14.3182829041065,1984.29292929293,"Germany"
"19",14.3560633364918,1984.29292929293,"United Kingdom"
"20",14.9651063957137,1984.29292929293,"France"
"21",12.8362502651997,1984.29292929293,"Switzerland"
"22",12.7683334976876,1984.29292929293,"Italy"
"23",13.2288505301441,1984.29292929293,"Sweden"
"24",12.039040875265,1984.29292929293,"Austria"
"25",14.0939172111041,1984.29292929293,"Canada"
"26",17.029158725621,1984.29292929293,"Netherlands"
"27",12.4055431366265,1984.29292929293,"Australia"
"28",14.5685448933581,1984.29292929293,"United States"
"29",11.6360943872394,1984.29292929293,"Spain"
"30",11.4210853036706,1984.29292929293,"Finland"
"31",12.9470822878466,1984.29292929293,"South Korea"
"32",0,1984.29292929293,"China"
"33",19.3359831112537,1984.58585858586,"Japan"
"34",14.2957741783126,1984.58585858586,"Germany"
"35",14.4068373004538,1984.58585858586,"United Kingdom"
"36",14.9164494509014,1984.58585858586,"France"
"37",12.8203878543431,1984.58585858586,"Switzerland"
"38",12.7383961020035,1984.58585858586,"Italy"
"39",13.2531325323695,1984.58585858586,"Sweden"
"40",12.0708037301516,1984.58585858586,"Austria"
"41",14.1597412465089,1984.58585858586,"Canada"
"42",17.0687341179086,1984.58585858586,"Netherlands"
"43",12.5214368575602,1984.58585858586,"Australia"
"44",14.6197798788821,1984.58585858586,"United States"
"45",11.8235401258302,1984.58585858586,"Spain"
"46",11.4454699003499,1984.58585858586,"Finland"
"47",13.1655931471218,1984.58585858586,"South Korea"
"48",0,1984.58585858586,"China"
"49",19.3831791989236,1984.87878787879,"Japan"
"50",14.2732654525187,1984.87878787879,"Germany"
"51",14.4576112644157,1984.87878787879,"United Kingdom"
"52",14.867792506089,1984.87878787879,"France"
"53",12.8045254434865,1984.87878787879,"Switzerland"
"54",12.7084587063194,1984.87878787879,"Italy"
"55",13.2774145345948,1984.87878787879,"Sweden"
"56",12.1025665850381,1984.87878787879,"Austria"
"57",14.2255652819136,1984.87878787879,"Canada"
"58",17.1083095101963,1984.87878787879,"Netherlands"
"59",12.6373305784939,1984.87878787879,"Australia"
"60",14.6710148644061,1984.87878787879,"United States"
"61",12.010985864421,1984.87878787879,"Spain"
"62",11.4698544970292,1984.87878787879,"Finland"
"63",13.384104006397,1984.87878787879,"South Korea"
"64",0,1984.87878787879,"China"
"65",19.4245087050329,1985.17171717172,"Japan"
"66",14.25578811503,1985.17171717172,"Germany"
"67",14.5104508484331,1985.17171717172,"United Kingdom"
"68",14.8532347150172,1985.17171717172,"France"
"69",12.8094580636478,1985.17171717172,"Switzerland"
"70",12.6831403694668,1985.17171717172,"Italy"
"71",13.3113999129448,1985.17171717172,"Sweden"
"72",12.1658530197813,1985.17171717172,"Austria"
"73",14.2852330955006,1985.17171717172,"Canada"
"74",17.1861702343911,1985.17171717172,"Netherlands"
"75",12.7093015548656,1985.17171717172,"Australia"
"76",14.7154987714717,1985.17171717172,"United States"
"77",12.0940884846208,1985.17171717172,"Spain"
"78",11.4997580217702,1985.17171717172,"Finland"
"79",13.6442621186248,1985.17171717172,"South Korea"
"80",0,1985.17171717172,"China"
"81",19.4616970947467,1985.46464646465,"Japan"
"82",14.2418623457567,1985.46464646465,"Germany"
"83",14.5647485171956,1985.46464646465,"United Kingdom"
"84",14.8627469148211,1985.46464646465,"France"
"85",12.8290695292334,1985.46464646465,"Switzerland"
"86",12.6610825447307,1985.46464646465,"Italy"
"87",13.3522347332652,1985.46464646465,"Sweden"
"88",12.2513913932468,1985.46464646465,"Austria"
"89",14.3405553407457,1985.46464646465,"Canada"
"90",17.2910558987555,1985.46464646465,"Netherlands"
"91",12.7502682409583,1985.46464646465,"Australia"
"92",14.7552172113901,1985.46464646465,"United States"
"93",12.1035371388976,1985.46464646465,"Spain"
"94",11.5335572604371,1985.46464646465,"Finland"
"95",13.9338182917603,1985.46464646465,"South Korea"
"96",0,1985.46464646465,"China"
"97",19.4988854844604,1985.75757575758,"Japan"
"98",14.2279365764834,1985.75757575758,"Germany"
"99",14.619046185958,1985.75757575758,"United Kingdom"
"100",14.8722591146249,1985.75757575758,"France"
"101",12.848680994819,1985.75757575758,"Switzerland"
"102",12.6390247199946,1985.75757575758,"Italy"
"103",13.3930695535856,1985.75757575758,"Sweden"
"104",12.3369297667123,1985.75757575758,"Austria"
"105",14.3958775859907,1985.75757575758,"Canada"
"106",17.39594156312,1985.75757575758,"Netherlands"
"107",12.7912349270509,1985.75757575758,"Australia"
"108",14.7949356513084,1985.75757575758,"United States"
"109",12.1129857931743,1985.75757575758,"Spain"
"110",11.567356499104,1985.75757575758,"Finland"
"111",14.2233744648958,1985.75757575758,"South Korea"
"112",0,1985.75757575758,"China"
"113",19.5351920094157,1986.05050505051,"Japan"
"114",14.2175931112606,1986.05050505051,"Germany"
"115",14.6696171718786,1986.05050505051,"United Kingdom"
"116",14.8745264277731,1986.05050505051,"France"
"117",12.8616007727053,1986.05050505051,"Switzerland"
"118",12.617536540173,1986.05050505051,"Italy"
"119",13.4186711176624,1986.05050505051,"Sweden"
"120",12.4145790247791,1986.05050505051,"Austria"
"121",14.438756935322,1986.05050505051,"Canada"
"122",17.480819059247,1986.05050505051,"Netherlands"
"123",12.8225430365543,1986.05050505051,"Australia"
"124",14.8319529318412,1986.05050505051,"United States"
"125",12.0895385403048,1986.05050505051,"Spain"
"126",11.6105164181895,1986.05050505051,"Finland"
"127",14.5103473863039,1986.05050505051,"South Korea"
"128",0,1986.05050505051,"China"
"129",19.5672655835301,1986.34343434343,"Japan"
"130",14.2244447054802,1986.34343434343,"Germany"
"131",14.7023000801584,1986.34343434343,"United Kingdom"
"132",14.8420182849741,1986.34343434343,"France"
"133",12.8424004496345,1986.34343434343,"Switzerland"
"134",12.5987826559415,1986.34343434343,"Italy"
"135",13.3711530517703,1986.34343434343,"Sweden"
"136",12.4543605289324,1986.34343434343,"Austria"
"137",14.4219103842669,1986.34343434343,"Canada"
"138",17.469657347834,1986.34343434343,"Netherlands"
"139",12.8074899784292,1986.34343434343,"Australia"
"140",14.8560046473227,1986.34343434343,"United States"
"141",11.9081909331333,1986.34343434343,"Spain"
"142",11.6986076032842,1986.34343434343,"Finland"
"143",14.7849206994201,1986.34343434343,"South Korea"
"144",0,1986.34343434343,"China"
"145",19.5993391576446,1986.63636363636,"Japan"
"146",14.2312962996998,1986.63636363636,"Germany"
"147",14.7349829884382,1986.63636363636,"United Kingdom"
"148",14.8095101421752,1986.63636363636,"France"
"149",12.8232001265638,1986.63636363636,"Switzerland"
"150",12.5800287717099,1986.63636363636,"Italy"
"151",13.3236349858781,1986.63636363636,"Sweden"
"152",12.4941420330856,1986.63636363636,"Austria"
"153",14.4050638332118,1986.63636363636,"Canada"
"154",17.458495636421,1986.63636363636,"Netherlands"
"155",12.7924369203041,1986.63636363636,"Australia"
"156",14.8800563628042,1986.63636363636,"United States"
"157",11.7268433259618,1986.63636363636,"Spain"
"158",11.786698788379,1986.63636363636,"Finland"
"159",15.0594940125364,1986.63636363636,"South Korea"
"160",0,1986.63636363636,"China"
"161",19.6314127317591,1986.92929292929,"Japan"
"162",14.2381478939193,1986.92929292929,"Germany"
"163",14.767665896718,1986.92929292929,"United Kingdom"
"164",14.7770019993762,1986.92929292929,"France"
"165",12.803999803493,1986.92929292929,"Switzerland"
"166",12.5612748874783,1986.92929292929,"Italy"
"167",13.276116919986,1986.92929292929,"Sweden"
"168",12.5339235372388,1986.92929292929,"Austria"
"169",14.3882172821567,1986.92929292929,"Canada"
"170",17.4473339250081,1986.92929292929,"Netherlands"
"171",12.7773838621791,1986.92929292929,"Australia"
"172",14.9041080782857,1986.92929292929,"United States"
"173",11.5454957187903,1986.92929292929,"Spain"
"174",11.8747899734738,1986.92929292929,"Finland"
"175",15.3340673256526,1986.92929292929,"South Korea"
"176",0,1986.92929292929,"China"
"177",19.7030828285851,1987.22222222222,"Japan"
"178",14.2842593154924,1987.22222222222,"Germany"
"179",14.803233720295,1987.22222222222,"United Kingdom"
"180",14.7453969022503,1987.22222222222,"France"
"181",12.7910466835309,1987.22222222222,"Switzerland"
"182",12.5477398130604,1987.22222222222,"Italy"
"183",13.2329550219403,1987.22222222222,"Sweden"
"184",12.637342635148,1987.22222222222,"Austria"
"185",14.3627119424318,1987.22222222222,"Canada"
"186",17.4656150896312,1987.22222222222,"Netherlands"
"187",12.8458591917603,1987.22222222222,"Australia"
"188",14.9263651685686,1987.22222222222,"United States"
"189",11.50482221131,1987.22222222222,"Spain"
"190",11.9719248267395,1987.22222222222,"Finland"
"191",15.655158065811,1987.22222222222,"South Korea"
"192",0,1987.22222222222,"China"
"193",19.7873518190012,1987.51515151515,"Japan"
"194",14.3428625003144,1987.51515151515,"Germany"
"195",14.8397194714666,1987.51515151515,"United Kingdom"
"196",14.7140791378384,1987.51515151515,"France"
"197",12.7800813100125,1987.51515151515,"Switzerland"
"198",12.5358652690379,1987.51515151515,"Italy"
"199",13.1911791773004,1987.51515151515,"Sweden"
"200",12.7610100583433,1987.51515151515,"Austria"
"201",14.3344515335847,1987.51515151515,"Canada"
"202",17.493264442084,1987.51515151515,"Netherlands"
"203",12.9409117356118,1987.51515151515,"Australia"
"204",14.9480512417429,1987.51515151515,"United States"
"205",11.5089086446405,1987.51515151515,"Spain"
"206",12.0719372107869,1987.51515151515,"Finland"
"207",15.9910498054828,1987.51515151515,"South Korea"
"208",0,1987.51515151515,"China"
"209",19.8716208094173,1987.80808080808,"Japan"
"210",14.4014656851363,1987.80808080808,"Germany"
"211",14.8762052226381,1987.80808080808,"United Kingdom"
"212",14.6827613734266,1987.80808080808,"France"
"213",12.7691159364941,1987.80808080808,"Switzerland"
"214",12.5239907250153,1987.80808080808,"Italy"
"215",13.1494033326605,1987.80808080808,"Sweden"
"216",12.8846774815386,1987.80808080808,"Austria"
"217",14.3061911247376,1987.80808080808,"Canada"
"218",17.5209137945367,1987.80808080808,"Netherlands"
"219",13.0359642794633,1987.80808080808,"Australia"
"220",14.9697373149172,1987.80808080808,"United States"
"221",11.512995077971,1987.80808080808,"Spain"
"222",12.1719495948343,1987.80808080808,"Finland"
"223",16.3269415451546,1987.80808080808,"South Korea"
"224",0,1987.80808080808,"China"
"225",19.9633430111066,1988.10101010101,"Japan"
"226",14.4506828261846,1988.10101010101,"Germany"
"227",14.9147091285125,1988.10101010101,"United Kingdom"
"228",14.6789434909893,1988.10101010101,"France"
"229",12.7690117804906,1988.10101010101,"Switzerland"
"230",12.5195424705801,1988.10101010101,"Italy"
"231",13.1215161667062,1988.10101010101,"Sweden"
"232",12.9768647358024,1988.10101010101,"Austria"
"233",14.2955720924128,1988.10101010101,"Canada"
"234",17.5565108641996,1988.10101010101,"Netherlands"
"235",13.1477359982243,1988.10101010101,"Australia"
"236",15.0043986183169,1988.10101010101,"United States"
"237",11.4891491536018,1988.10101010101,"Spain"
"238",12.2824733437359,1988.10101010101,"Finland"
"239",16.877064187409,1988.10101010101,"South Korea"
"240",0,1988.10101010101,"China"
"241",20.069226314215,1988.39393939394,"Japan"
"242",14.4820664840627,1988.39393939394,"Germany"
"243",14.9570475283221,1988.39393939394,"United Kingdom"
"244",14.7273753843037,1988.39393939394,"France"
"245",12.7895439377656,1988.39393939394,"Switzerland"
"246",12.5292041663609,1988.39393939394,"Italy"
"247",13.1200174902546,1988.39393939394,"Sweden"
"248",13.0092396690967,1988.39393939394,"Austria"
"249",14.3184716754804,1988.39393939394,"Canada"
"250",17.6072085965616,1988.39393939394,"Netherlands"
"251",13.2912741493132,1988.39393939394,"Australia"
"252",15.063712859145,1988.39393939394,"United States"
"253",11.4122317496032,1988.39393939394,"Spain"
"254",12.4129686858606,1988.39393939394,"Finland"
"255",17.8342255445704,1988.39393939394,"South Korea"
"256",0,1988.39393939394,"China"
"257",20.1751096173234,1988.68686868687,"Japan"
"258",14.5134501419409,1988.68686868687,"Germany"
"259",14.9993859281317,1988.68686868687,"United Kingdom"
"260",14.7758072776181,1988.68686868687,"France"
"261",12.8100760950405,1988.68686868687,"Switzerland"
"262",12.5388658621416,1988.68686868687,"Italy"
"263",13.118518813803,1988.68686868687,"Sweden"
"264",13.0416146023909,1988.68686868687,"Austria"
"265",14.3413712585479,1988.68686868687,"Canada"
"266",17.6579063289237,1988.68686868687,"Netherlands"
"267",13.4348123004021,1988.68686868687,"Australia"
"268",15.123027099973,1988.68686868687,"United States"
"269",11.3353143456045,1988.68686868687,"Spain"
"270",12.5434640279852,1988.68686868687,"Finland"
"271",18.7913869017317,1988.68686868687,"South Korea"
"272",0,1988.68686868687,"China"
"273",20.2809929204318,1988.9797979798,"Japan"
"274",14.544833799819,1988.9797979798,"Germany"
"275",15.0417243279414,1988.9797979798,"United Kingdom"
"276",14.8242391709325,1988.9797979798,"France"
"277",12.8306082523154,1988.9797979798,"Switzerland"
"278",12.5485275579224,1988.9797979798,"Italy"
"279",13.1170201373514,1988.9797979798,"Sweden"
"280",13.0739895356851,1988.9797979798,"Austria"
"281",14.3642708416154,1988.9797979798,"Canada"
"282",17.7086040612857,1988.9797979798,"Netherlands"
"283",13.578350451491,1988.9797979798,"Australia"
"284",15.1823413408011,1988.9797979798,"United States"
"285",11.2583969416059,1988.9797979798,"Spain"
"286",12.6739593701099,1988.9797979798,"Finland"
"287",19.7485482588931,1988.9797979798,"South Korea"
"288",0,1988.9797979798,"China"
"289",20.4302962301673,1989.27272727273,"Japan"
"290",14.5997736446819,1989.27272727273,"Germany"
"291",15.1112859301996,1989.27272727273,"United Kingdom"
"292",14.8842842939447,1989.27272727273,"France"
"293",12.8469693450245,1989.27272727273,"Switzerland"
"294",12.5886918785814,1989.27272727273,"Italy"
"295",13.3442577494095,1989.27272727273,"Sweden"
"296",13.1030583889796,1989.27272727273,"Austria"
"297",14.3578268212277,1989.27272727273,"Canada"
"298",17.724346962182,1989.27272727273,"Netherlands"
"299",13.6409450377133,1989.27272727273,"Australia"
"300",15.2628181987971,1989.27272727273,"United States"
"301",11.0897706041812,1989.27272727273,"Spain"
"302",12.7613722093126,1989.27272727273,"Finland"
"303",20.4954238536744,1989.27272727273,"South Korea"
"304",0,1989.27272727273,"China"
"305",20.58281583669,1989.56565656566,"Japan"
"306",14.6564583922845,1989.56565656566,"Germany"
"307",15.1828640659725,1989.56565656566,"United Kingdom"
"308",14.9451896561937,1989.56565656566,"France"
"309",12.8630214699878,1989.56565656566,"Switzerland"
"310",12.6311156529351,1989.56565656566,"Italy"
"311",13.5884387902462,1989.56565656566,"Sweden"
"312",13.1318823474592,1989.56565656566,"Austria"
"313",14.349209200584,1989.56565656566,"Canada"
"314",17.7375006163032,1989.56565656566,"Netherlands"
"315",13.6975438043159,1989.56565656566,"Australia"
"316",15.3448626580648,1989.56565656566,"United States"
"317",10.9143510124288,1989.56565656566,"Spain"
"318",12.8455937520026,1989.56565656566,"Finland"
"319",21.2267227253165,1989.56565656566,"South Korea"
"320",0,1989.56565656566,"China"
"321",20.7353354432128,1989.85858585859,"Japan"
"322",14.713143139887,1989.85858585859,"Germany"
"323",15.2544422017454,1989.85858585859,"United Kingdom"
"324",15.0060950184427,1989.85858585859,"France"
"325",12.8790735949512,1989.85858585859,"Switzerland"
"326",12.6735394272888,1989.85858585859,"Italy"
"327",13.8326198310828,1989.85858585859,"Sweden"
"328",13.1607063059388,1989.85858585859,"Austria"
"329",14.3405915799404,1989.85858585859,"Canada"
"330",17.7506542704243,1989.85858585859,"Netherlands"
"331",13.7541425709185,1989.85858585859,"Australia"
"332",15.4269071173325,1989.85858585859,"United States"
"333",10.7389314206763,1989.85858585859,"Spain"
"334",12.9298152946926,1989.85858585859,"Finland"
"335",21.9580215969585,1989.85858585859,"South Korea"
"336",0,1989.85858585859,"China"
"337",20.9212683341754,1990.15151515152,"Japan"
"338",14.7893205837246,1990.15151515152,"Germany"
"339",15.3476481037099,1990.15151515152,"United Kingdom"
"340",15.0879938357691,1990.15151515152,"France"
"341",12.9044782992904,1990.15151515152,"Switzerland"
"342",12.6955737586199,1990.15151515152,"Italy"
"343",14.0434979760946,1990.15151515152,"Sweden"
"344",13.168382920452,1990.15151515152,"Austria"
"345",14.3436355978917,1990.15151515152,"Canada"
"346",17.7876210133424,1990.15151515152,"Netherlands"
"347",13.8049551774522,1990.15151515152,"Australia"
"348",15.5275846935623,1990.15151515152,"United States"
"349",10.7367507456548,1990.15151515152,"Spain"
"350",13.0592158030803,1990.15151515152,"Finland"
"351",22.582086376278,1990.15151515152,"South Korea"
"352",13.2816760241425,1990.15151515152,"China"
"353",21.1383869572821,1990.44444444444,"Japan"
"354",14.8836912107149,1990.44444444444,"Germany"
"355",15.4610399207865,1990.44444444444,"United Kingdom"
"356",15.1894865445012,1990.44444444444,"France"
"357",12.9386120777136,1990.44444444444,"Switzerland"
"358",12.6985779431298,1990.44444444444,"Italy"
"359",14.2232934183365,1990.44444444444,"Sweden"
"360",13.1563220139298,1990.44444444444,"Austria"
"361",14.3575638118651,1990.44444444444,"Canada"
"362",17.8468133058043,1990.44444444444,"Netherlands"
"363",13.8503673679215,1990.44444444444,"Australia"
"364",15.6456531789567,1990.44444444444,"United States"
"365",10.8962597262488,1990.44444444444,"Spain"
"366",13.2307833461192,1990.44444444444,"Finland"
"367",23.106066002763,1990.44444444444,"South Korea"
"368",13.3574274999172,1990.44444444444,"China"
"369",21.3555055803888,1990.73737373737,"Japan"
"370",14.9780618377052,1990.73737373737,"Germany"
"371",15.5744317378631,1990.73737373737,"United Kingdom"
"372",15.2909792532334,1990.73737373737,"France"
"373",12.9727458561368,1990.73737373737,"Switzerland"
"374",12.7015821276398,1990.73737373737,"Italy"
"375",14.4030888605783,1990.73737373737,"Sweden"
"376",13.1442611074077,1990.73737373737,"Austria"
"377",14.3714920258385,1990.73737373737,"Canada"
"378",17.9060055982661,1990.73737373737,"Netherlands"
"379",13.8957795583908,1990.73737373737,"Australia"
"380",15.7637216643511,1990.73737373737,"United States"
"381",11.0557687068428,1990.73737373737,"Spain"
"382",13.4023508891581,1990.73737373737,"Finland"
"383",23.6300456292481,1990.73737373737,"South Korea"
"384",13.4331789756919,1990.73737373737,"China"
"385",21.5724585728777,1991.0303030303,"Japan"
"386",15.0682962563011,1991.0303030303,"Germany"
"387",15.688761300129,1991.0303030303,"United Kingdom"
"388",15.3951297907842,1991.0303030303,"France"
"389",13.0118613046286,1991.0303030303,"Switzerland"
"390",12.7155774974206,1991.0303030303,"Italy"
"391",14.5984843395688,1991.0303030303,"Sweden"
"392",13.1309241965144,1991.0303030303,"Austria"
"393",14.3905594136811,1991.0303030303,"Canada"
"394",17.9724825428468,1991.0303030303,"Netherlands"
"395",13.9469079031188,1991.0303030303,"Australia"
"396",15.8873517719033,1991.0303030303,"United States"
"397",11.2250901488843,1991.0303030303,"Spain"
"398",13.5988110601708,1991.0303030303,"Finland"
"399",24.12434170147,1991.0303030303,"South Korea"
"400",13.4980306345733,1991.0303030303,"China"
"401",21.7879761000134,1991.32323232323,"Japan"
"402",15.1226835354783,1991.32323232323,"Germany"
"403",15.8112179873683,1991.32323232323,"United Kingdom"
"404",15.5223148447637,1991.32323232323,"France"
"405",13.0941512270478,1991.32323232323,"Switzerland"
"406",12.8248298062155,1991.32323232323,"Italy"
"407",14.9290801370476,1991.32323232323,"Sweden"
"408",13.1065285810716,1991.32323232323,"Austria"
"409",14.4541663083901,1991.32323232323,"Canada"
"410",18.1020931391234,1991.32323232323,"Netherlands"
"411",14.0475762514219,1991.32323232323,"Australia"
"412",16.0591826048225,1991.32323232323,"United States"
"413",11.479452923471,1991.32323232323,"Spain"
"414",14.0110073402897,1991.32323232323,"Finland"
"415",24.361380303412,1991.32323232323,"South Korea"
"416",13.4684172137126,1991.32323232323,"China"
"417",22.003493627149,1991.61616161616,"Japan"
"418",15.1770708146555,1991.61616161616,"Germany"
"419",15.9336746746076,1991.61616161616,"United Kingdom"
"420",15.6494998987432,1991.61616161616,"France"
"421",13.176441149467,1991.61616161616,"Switzerland"
"422",12.9340821150104,1991.61616161616,"Italy"
"423",15.2596759345263,1991.61616161616,"Sweden"
"424",13.0821329656288,1991.61616161616,"Austria"
"425",14.5177732030991,1991.61616161616,"Canada"
"426",18.2317037354,1991.61616161616,"Netherlands"
"427",14.1482445997251,1991.61616161616,"Australia"
"428",16.2310134377417,1991.61616161616,"United States"
"429",11.7338156980577,1991.61616161616,"Spain"
"430",14.4232036204085,1991.61616161616,"Finland"
"431",24.5984189053539,1991.61616161616,"South Korea"
"432",13.4388037928519,1991.61616161616,"China"
"433",22.2190111542846,1991.90909090909,"Japan"
"434",15.2314580938327,1991.90909090909,"Germany"
"435",16.0561313618469,1991.90909090909,"United Kingdom"
"436",15.7766849527228,1991.90909090909,"France"
"437",13.2587310718862,1991.90909090909,"Switzerland"
"438",13.0433344238053,1991.90909090909,"Italy"
"439",15.5902717320051,1991.90909090909,"Sweden"
"440",13.057737350186,1991.90909090909,"Austria"
"441",14.5813800978081,1991.90909090909,"Canada"
"442",18.3613143316766,1991.90909090909,"Netherlands"
"443",14.2489129480282,1991.90909090909,"Australia"
"444",16.4028442706608,1991.90909090909,"United States"
"445",11.9881784726443,1991.90909090909,"Spain"
"446",14.8353999005274,1991.90909090909,"Finland"
"447",24.8354575072958,1991.90909090909,"South Korea"
"448",13.4091903719912,1991.90909090909,"China"
"449",22.4432361021832,1992.20202020202,"Japan"
"450",15.2724427322562,1992.20202020202,"Germany"
"451",16.2140221806165,1992.20202020202,"United Kingdom"
"452",15.955279729202,1992.20202020202,"France"
"453",13.3598238725514,1992.20202020202,"Switzerland"
"454",13.1516682046114,1992.20202020202,"Italy"
"455",16.0346441118396,1992.20202020202,"Sweden"
"456",13.0757986624076,1992.20202020202,"Austria"
"457",14.6716733942478,1992.20202020202,"Canada"
"458",18.4909132918935,1992.20202020202,"Netherlands"
"459",14.3325985804456,1992.20202020202,"Australia"
"460",16.5899454256918,1992.20202020202,"United States"
"461",12.0799416458769,1992.20202020202,"Spain"
"462",15.5222937585846,1992.20202020202,"Finland"
"463",25.1683419300026,1992.20202020202,"South Korea"
"464",13.6078863677559,1992.20202020202,"China"
"465",22.6713793894251,1992.49494949495,"Japan"
"466",15.3073961823405,1992.49494949495,"Germany"
"467",16.3878583585746,1992.49494949495,"United Kingdom"
"468",16.1570088808062,1992.49494949495,"France"
"469",13.4693779684272,1992.49494949495,"Switzerland"
"470",13.2595886478225,1992.49494949495,"Italy"
"471",16.5302159537342,1992.49494949495,"Sweden"
"472",13.1129655920781,1992.49494949495,"Austria"
"473",14.7739755714665,1992.49494949495,"Canada"
"474",18.6205070158835,1992.49494949495,"Netherlands"
"475",14.4086419907144,1992.49494949495,"Australia"
"476",16.7839182256731,1992.49494949495,"United States"
"477",12.0985349985002,1992.49494949495,"Spain"
"478",16.332801526714,1992.49494949495,"Finland"
"479",25.5443569720535,1992.49494949495,"South Korea"
"480",13.9093216010019,1992.49494949495,"China"
"481",22.8995226766671,1992.78787878788,"Japan"
"482",15.3423496324248,1992.78787878788,"Germany"
"483",16.5616945365327,1992.78787878788,"United Kingdom"
"484",16.3587380324103,1992.78787878788,"France"
"485",13.578932064303,1992.78787878788,"Switzerland"
"486",13.3675090910337,1992.78787878788,"Italy"
"487",17.0257877956288,1992.78787878788,"Sweden"
"488",13.1501325217487,1992.78787878788,"Austria"
"489",14.8762777486851,1992.78787878788,"Canada"
"490",18.7501007398736,1992.78787878788,"Netherlands"
"491",14.4846854009833,1992.78787878788,"Australia"
"492",16.9778910256544,1992.78787878788,"United States"
"493",12.1171283511234,1992.78787878788,"Spain"
"494",17.1433092948435,1992.78787878788,"Finland"
"495",25.9203720141044,1992.78787878788,"South Korea"
"496",14.2107568342479,1992.78787878788,"China"
"497",23.1524911874522,1993.08080808081,"Japan"
"498",15.3912174585369,1993.08080808081,"Germany"
"499",16.7387467394611,1993.08080808081,"United Kingdom"
"500",16.557536483319,1993.08080808081,"France"
"501",13.6872831262596,1993.08080808081,"Switzerland"
"502",13.4833947333298,1993.08080808081,"Italy"
"503",17.5243863139572,1993.08080808081,"Sweden"
"504",13.1988154926924,1993.08080808081,"Austria"
"505",15.0173825550011,1993.08080808081,"Canada"
"506",18.9154256879542,1993.08080808081,"Netherlands"
"507",14.5290603770121,1993.08080808081,"Australia"
"508",17.1845383130891,1993.08080808081,"United States"
"509",12.1866247547907,1993.08080808081,"Spain"
"510",17.900413841252,1993.08080808081,"Finland"
"511",26.2415388284735,1993.08080808081,"South Korea"
"512",14.4939054723321,1993.08080808081,"China"
"513",23.4706259100381,1993.37373737374,"Japan"
"514",15.4766105217218,1993.37373737374,"Germany"
"515",16.9242410079364,1993.37373737374,"United Kingdom"
"516",16.7486418449019,1993.37373737374,"France"
"517",13.7924762241785,1993.37373737374,"Switzerland"
"518",13.6201890232239,1993.37373737374,"Italy"
"519",18.0309298579239,1993.37373737374,"Sweden"
"520",13.2777280719781,1993.37373737374,"Austria"
"521",15.2603442626979,1993.37373737374,"Canada"
"522",19.1745450992724,1993.37373737374,"Netherlands"
"523",14.4903057131611,1993.37373737374,"Australia"
"524",17.4244561300889,1993.37373737374,"United States"
"525",12.3897416674487,1993.37373737374,"Spain"
"526",18.517334930643,1993.37373737374,"Finland"
"527",26.4187290451779,1993.37373737374,"South Korea"
"528",14.7290517981166,1993.37373737374,"China"
"529",23.7887606326241,1993.66666666667,"Japan"
"530",15.5620035849067,1993.66666666667,"Germany"
"531",17.1097352764118,1993.66666666667,"United Kingdom"
"532",16.9397472064848,1993.66666666667,"France"
"533",13.8976693220974,1993.66666666667,"Switzerland"
"534",13.7569833131179,1993.66666666667,"Italy"
"535",18.5374734018906,1993.66666666667,"Sweden"
"536",13.3566406512637,1993.66666666667,"Austria"
"537",15.5033059703946,1993.66666666667,"Canada"
"538",19.4336645105906,1993.66666666667,"Netherlands"
"539",14.45155104931,1993.66666666667,"Australia"
"540",17.6643739470887,1993.66666666667,"United States"
"541",12.5928585801067,1993.66666666667,"Spain"
"542",19.134256020034,1993.66666666667,"Finland"
"543",26.5959192618823,1993.66666666667,"South Korea"
"544",14.9641981239012,1993.66666666667,"China"
"545",24.10689535521,1993.9595959596,"Japan"
"546",15.6473966480916,1993.9595959596,"Germany"
"547",17.2952295448871,1993.9595959596,"United Kingdom"
"548",17.1308525680678,1993.9595959596,"France"
"549",14.0028624200163,1993.9595959596,"Switzerland"
"550",13.893777603012,1993.9595959596,"Italy"
"551",19.0440169458573,1993.9595959596,"Sweden"
"552",13.4355532305494,1993.9595959596,"Austria"
"553",15.7462676780914,1993.9595959596,"Canada"
"554",19.6927839219089,1993.9595959596,"Netherlands"
"555",14.412796385459,1993.9595959596,"Australia"
"556",17.9042917640886,1993.9595959596,"United States"
"557",12.7959754927646,1993.9595959596,"Spain"
"558",19.751177109425,1993.9595959596,"Finland"
"559",26.7731094785867,1993.9595959596,"South Korea"
"560",15.1993444496857,1993.9595959596,"China"
"561",24.4927884050872,1994.25252525253,"Japan"
"562",15.6975853571942,1994.25252525253,"Germany"
"563",17.4856953398668,1994.25252525253,"United Kingdom"
"564",17.2600660809468,1994.25252525253,"France"
"565",14.0738880453952,1994.25252525253,"Switzerland"
"566",14.0554415057146,1994.25252525253,"Italy"
"567",19.5083324238993,1994.25252525253,"Sweden"
"568",13.5090899222815,1994.25252525253,"Austria"
"569",16.0413189219684,1994.25252525253,"Canada"
"570",19.9453080803473,1994.25252525253,"Netherlands"
"571",14.5011718897241,1994.25252525253,"Australia"
"572",18.215197086794,1994.25252525253,"United States"
"573",13.0199311017754,1994.25252525253,"Spain"
"574",20.847003962855,1994.25252525253,"Finland"
"575",27.2321143404582,1994.25252525253,"South Korea"
"576",15.2066124626421,1994.25252525253,"China"
"577",24.889522787331,1994.54545454545,"Japan"
"578",15.7421413696436,1994.54545454545,"Germany"
"579",17.6769565790873,1994.54545454545,"United Kingdom"
"580",17.3793768980331,1994.54545454545,"France"
"581",14.1394468751676,1994.54545454545,"Switzerland"
"582",14.2210845464666,1994.54545454545,"Italy"
"583",19.9658914113934,1994.54545454545,"Sweden"
"584",13.5817664720051,1994.54545454545,"Austria"
"585",16.3447044916342,1994.54545454545,"Canada"
"586",20.196776998325,1994.54545454545,"Netherlands"
"587",14.6098882208879,1994.54545454545,"Australia"
"588",18.5374604104124,1994.54545454545,"United States"
"589",13.2472209022026,1994.54545454545,"Spain"
"590",22.0194557385311,1994.54545454545,"Finland"
"591",27.7362095455564,1994.54545454545,"South Korea"
"592",15.1774199455461,1994.54545454545,"China"
"593",25.2862571695747,1994.83838383838,"Japan"
"594",15.786697382093,1994.83838383838,"Germany"
"595",17.8682178183078,1994.83838383838,"United Kingdom"
"596",17.4986877151195,1994.83838383838,"France"
"597",14.2050057049401,1994.83838383838,"Switzerland"
"598",14.3867275872186,1994.83838383838,"Italy"
"599",20.4234503988874,1994.83838383838,"Sweden"
"600",13.6544430217287,1994.83838383838,"Austria"
"601",16.6480900613,1994.83838383838,"Canada"
"602",20.4482459163026,1994.83838383838,"Netherlands"
"603",14.7186045520516,1994.83838383838,"Australia"
"604",18.8597237340308,1994.83838383838,"United States"
"605",13.4745107026298,1994.83838383838,"Spain"
"606",23.1919075142072,1994.83838383838,"Finland"
"607",28.2403047506546,1994.83838383838,"South Korea"
"608",15.1482274284501,1994.83838383838,"China"
"609",25.6970588488969,1995.13131313131,"Japan"
"610",15.8838133639303,1995.13131313131,"Germany"
"611",18.1258974859011,1995.13131313131,"United Kingdom"
"612",17.630003728743,1995.13131313131,"France"
"613",14.294787446345,1995.13131313131,"Switzerland"
"614",14.5765360376369,1995.13131313131,"Italy"
"615",20.9140354826243,1995.13131313131,"Sweden"
"616",13.7785485443523,1995.13131313131,"Austria"
"617",17.0307485823785,1995.13131313131,"Canada"
"618",20.8193711171734,1995.13131313131,"Netherlands"
"619",14.8850468988727,1995.13131313131,"Australia"
"620",19.2849617062679,1995.13131313131,"United States"
"621",13.6317570174644,1995.13131313131,"Spain"
"622",24.457571237534,1995.13131313131,"Finland"
"623",28.8320600797798,1995.13131313131,"South Korea"
"624",15.1674332903537,1995.13131313131,"China"
"625",26.1251741246232,1995.42424242424,"Japan"
"626",16.0456185388602,1995.42424242424,"Germany"
"627",18.4653229114918,1995.42424242424,"United Kingdom"
"628",17.7760953688738,1995.42424242424,"France"
"629",14.4143820020669,1995.42424242424,"Switzerland"
"630",14.7960865307214,1995.42424242424,"Italy"
"631",21.4452680694293,1995.42424242424,"Sweden"
"632",13.9659512643914,1995.42424242424,"Austria"
"633",17.5109738128881,1995.42424242424,"Canada"
"634",21.3377655892972,1995.42424242424,"Netherlands"
"635",15.1225366495796,1995.42424242424,"Australia"
"636",19.8369377075744,1995.42424242424,"United States"
"637",13.702795965416,1995.42424242424,"Spain"
"638",25.8379573579694,1995.42424242424,"Finland"
"639",29.5317047923229,1995.42424242424,"South Korea"
"640",15.2462063879492,1995.42424242424,"China"
"641",26.5532894003496,1995.71717171717,"Japan"
"642",16.2074237137902,1995.71717171717,"Germany"
"643",18.8047483370825,1995.71717171717,"United Kingdom"
"644",17.9221870090046,1995.71717171717,"France"
"645",14.5339765577888,1995.71717171717,"Switzerland"
"646",15.0156370238059,1995.71717171717,"Italy"
"647",21.9765006562343,1995.71717171717,"Sweden"
"648",14.1533539844305,1995.71717171717,"Austria"
"649",17.9911990433976,1995.71717171717,"Canada"
"650",21.8561600614209,1995.71717171717,"Netherlands"
"651",15.3600264002865,1995.71717171717,"Australia"
"652",20.3889137088808,1995.71717171717,"United States"
"653",13.7738349133676,1995.71717171717,"Spain"
"654",27.2183434784048,1995.71717171717,"Finland"
"655",30.231349504866,1995.71717171717,"South Korea"
"656",15.3249794855447,1995.71717171717,"China"
"657",26.9840483757015,1996.0101010101,"Japan"
"658",16.3724541680666,1996.0101010101,"Germany"
"659",19.149812093062,1996.0101010101,"United Kingdom"
"660",18.0725894884679,1996.0101010101,"France"
"661",14.6540305659926,1996.0101010101,"Switzerland"
"662",15.2365437671206,1996.0101010101,"Italy"
"663",22.51666646888,1996.0101010101,"Sweden"
"664",14.3441525235285,1996.0101010101,"Austria"
"665",18.4835210593026,1996.0101010101,"Canada"
"666",22.3734209461215,1996.0101010101,"Netherlands"
"667",15.5992886281926,1996.0101010101,"Australia"
"668",20.9484105192842,1996.0101010101,"United States"
"669",13.8460600500805,1996.0101010101,"Spain"
"670",28.5957556049105,1996.0101010101,"Finland"
"671",30.9323983568233,1996.0101010101,"South Korea"
"672",15.4229181259746,1996.0101010101,"China"
"673",27.4888309405691,1996.30303030303,"Japan"
"674",16.6277924440467,1996.30303030303,"Germany"
"675",19.6527490999282,1996.30303030303,"United Kingdom"
"676",18.3436954692394,1996.30303030303,"France"
"677",14.7869492436893,1996.30303030303,"Switzerland"
"678",15.4954255168797,1996.30303030303,"Italy"
"679",23.3069626050638,1996.30303030303,"Sweden"
"680",14.6300339962776,1996.30303030303,"Austria"
"681",19.3145530662806,1996.30303030303,"Canada"
"682",22.8589413829715,1996.30303030303,"Netherlands"
"683",15.8881802176742,1996.30303030303,"Australia"
"684",21.7184899844028,1996.30303030303,"United States"
"685",13.9514984721123,1996.30303030303,"Spain"
"686",29.8898959013856,1996.30303030303,"Finland"
"687",31.6727631123799,1996.30303030303,"South Korea"
"688",16.0574919657664,1996.30303030303,"China"
"689",27.9936135054368,1996.59595959596,"Japan"
"690",16.8831307200267,1996.59595959596,"Germany"
"691",20.1556861067945,1996.59595959596,"United Kingdom"
"692",18.614801450011,1996.59595959596,"France"
"693",14.9198679213861,1996.59595959596,"Switzerland"
"694",15.7543072666388,1996.59595959596,"Italy"
"695",24.0972587412476,1996.59595959596,"Sweden"
"696",14.9159154690267,1996.59595959596,"Austria"
"697",20.1455850732587,1996.59595959596,"Canada"
"698",23.3444618198215,1996.59595959596,"Netherlands"
"699",16.1770718071557,1996.59595959596,"Australia"
"700",22.4885694495213,1996.59595959596,"United States"
"701",14.0569368941441,1996.59595959596,"Spain"
"702",31.1840361978606,1996.59595959596,"Finland"
"703",32.4131278679365,1996.59595959596,"South Korea"
"704",16.6920658055582,1996.59595959596,"China"
"705",28.4983960703044,1996.88888888889,"Japan"
"706",17.1384689960067,1996.88888888889,"Germany"
"707",20.6586231136607,1996.88888888889,"United Kingdom"
"708",18.8859074307825,1996.88888888889,"France"
"709",15.0527865990829,1996.88888888889,"Switzerland"
"710",16.013189016398,1996.88888888889,"Italy"
"711",24.8875548774314,1996.88888888889,"Sweden"
"712",15.2017969417758,1996.88888888889,"Austria"
"713",20.9766170802367,1996.88888888889,"Canada"
"714",23.8299822566716,1996.88888888889,"Netherlands"
"715",16.4659633966373,1996.88888888889,"Australia"
"716",23.2586489146399,1996.88888888889,"United States"
"717",14.1623753161759,1996.88888888889,"Spain"
"718",32.4781764943356,1996.88888888889,"Finland"
"719",33.1534926234932,1996.88888888889,"South Korea"
"720",17.3266396453501,1996.88888888889,"China"
"721",28.9863536950122,1997.18181818182,"Japan"
"722",17.4332293289764,1997.18181818182,"Germany"
"723",21.1730437407392,1997.18181818182,"United Kingdom"
"724",19.1503219215762,1997.18181818182,"France"
"725",15.1858293918038,1997.18181818182,"Switzerland"
"726",16.233097722777,1997.18181818182,"Italy"
"727",25.5969759985774,1997.18181818182,"Sweden"
"728",15.3775231294359,1997.18181818182,"Austria"
"729",21.7792594152226,1997.18181818182,"Canada"
"730",24.3943903084151,1997.18181818182,"Netherlands"
"731",16.9867117494817,1997.18181818182,"Australia"
"732",24.0773150712927,1997.18181818182,"United States"
"733",14.3367793657782,1997.18181818182,"Spain"
"734",33.6170455366985,1997.18181818182,"Finland"
"735",33.8939518304491,1997.18181818182,"South Korea"
"736",17.8630846223486,1997.18181818182,"China"
"737",29.4640294118445,1997.47474747475,"Japan"
"738",17.7520809189954,1997.47474747475,"Germany"
"739",21.6944821357252,1997.47474747475,"United Kingdom"
"740",19.4106471684947,1997.47474747475,"France"
"741",15.318948032595,1997.47474747475,"Switzerland"
"742",16.4291895693125,1997.47474747475,"Italy"
"743",26.2569734994227,1997.47474747475,"Sweden"
"744",15.4859321984306,1997.47474747475,"Austria"
"745",22.5645525062132,1997.47474747475,"Canada"
"746",25.007007458149,1997.47474747475,"Netherlands"
"747",17.6491503466034,1997.47474747475,"Australia"
"748",24.9256730949942,1997.47474747475,"United States"
"749",14.5533290766734,1997.47474747475,"Spain"
"750",34.6610265904372,1997.47474747475,"Finland"
"751",34.6344687577047,1997.47474747475,"South Korea"
"752",18.3395619609735,1997.47474747475,"China"
"753",29.9417051286769,1997.76767676768,"Japan"
"754",18.0709325090144,1997.76767676768,"Germany"
"755",22.2159205307111,1997.76767676768,"United Kingdom"
"756",19.6709724154132,1997.76767676768,"France"
"757",15.4520666733862,1997.76767676768,"Switzerland"
"758",16.6252814158481,1997.76767676768,"Italy"
"759",26.9169710002679,1997.76767676768,"Sweden"
"760",15.5943412674252,1997.76767676768,"Austria"
"761",23.3498455972038,1997.76767676768,"Canada"
"762",25.619624607883,1997.76767676768,"Netherlands"
"763",18.3115889437251,1997.76767676768,"Australia"
"764",25.7740311186957,1997.76767676768,"United States"
"765",14.7698787875687,1997.76767676768,"Spain"
"766",35.7050076441759,1997.76767676768,"Finland"
"767",35.3749856849603,1997.76767676768,"South Korea"
"768",18.8160392995984,1997.76767676768,"China"
"769",30.396542552683,1998.06060606061,"Japan"
"770",18.3935267162285,1998.06060606061,"Germany"
"771",22.7570346419057,1998.06060606061,"United Kingdom"
"772",19.952457779283,1998.06060606061,"France"
"773",15.6125982206669,1998.06060606061,"Switzerland"
"774",16.8209625063393,1998.06060606061,"Italy"
"775",27.5558273447774,1998.06060606061,"Sweden"
"776",15.7286185654402,1998.06060606061,"Austria"
"777",24.1025761479585,1998.06060606061,"Canada"
"778",26.2295223525098,1998.06060606061,"Netherlands"
"779",18.9385609788133,1998.06060606061,"Australia"
"780",26.6238617826885,1998.06060606061,"United States"
"781",15.0457585191836,1998.06060606061,"Spain"
"782",36.8403669690762,1998.06060606061,"Finland"
"783",36.0504280683644,1998.06060606061,"South Korea"
"784",19.4405753502023,1998.06060606061,"China"
"785",30.7638331875219,1998.35353535354,"Japan"
"786",18.7304676226902,1998.35353535354,"Germany"
"787",23.3735723318996,1998.35353535354,"United Kingdom"
"788",20.3150569247993,1998.35353535354,"France"
"789",15.8782125761572,1998.35353535354,"Switzerland"
"790",17.0150690319942,1998.35353535354,"Italy"
"791",28.1136425899998,1998.35353535354,"Sweden"
"792",15.9620574080331,1998.35353535354,"Austria"
"793",24.7304836278087,1998.35353535354,"Canada"
"794",26.8289957108927,1998.35353535354,"Netherlands"
"795",19.4295778594396,1998.35353535354,"Australia"
"796",27.4793375677978,1998.35353535354,"United States"
"797",15.5490699968901,1998.35353535354,"Spain"
"798",38.3260096667625,1998.35353535354,"Finland"
"799",36.4764180336711,1998.35353535354,"South Korea"
"800",20.6326697967253,1998.35353535354,"China"
"801",31.1311238223608,1998.64646464646,"Japan"
"802",19.0674085291519,1998.64646464646,"Germany"
"803",23.9901100218935,1998.64646464646,"United Kingdom"
"804",20.6776560703156,1998.64646464646,"France"
"805",16.1438269316475,1998.64646464646,"Switzerland"
"806",17.2091755576491,1998.64646464646,"Italy"
"807",28.6714578352222,1998.64646464646,"Sweden"
"808",16.195496250626,1998.64646464646,"Austria"
"809",25.3583911076589,1998.64646464646,"Canada"
"810",27.4284690692756,1998.64646464646,"Netherlands"
"811",19.9205947400658,1998.64646464646,"Australia"
"812",28.334813352907,1998.64646464646,"United States"
"813",16.0523814745966,1998.64646464646,"Spain"
"814",39.8116523644487,1998.64646464646,"Finland"
"815",36.9024079989778,1998.64646464646,"South Korea"
"816",21.8247642432483,1998.64646464646,"China"
"817",31.4984144571997,1998.93939393939,"Japan"
"818",19.4043494356137,1998.93939393939,"Germany"
"819",24.6066477118874,1998.93939393939,"United Kingdom"
"820",21.0402552158319,1998.93939393939,"France"
"821",16.4094412871377,1998.93939393939,"Switzerland"
"822",17.4032820833039,1998.93939393939,"Italy"
"823",29.2292730804446,1998.93939393939,"Sweden"
"824",16.428935093219,1998.93939393939,"Austria"
"825",25.9862985875091,1998.93939393939,"Canada"
"826",28.0279424276585,1998.93939393939,"Netherlands"
"827",20.4116116206921,1998.93939393939,"Australia"
"828",29.1902891380163,1998.93939393939,"United States"
"829",16.5556929523032,1998.93939393939,"Spain"
"830",41.297295062135,1998.93939393939,"Finland"
"831",37.3283979642845,1998.93939393939,"South Korea"
"832",23.0168586897713,1998.93939393939,"China"
"833",31.8366015227216,1999.23232323232,"Japan"
"834",19.7946379529762,1999.23232323232,"Germany"
"835",25.3479236773013,1999.23232323232,"United Kingdom"
"836",21.5634072347199,1999.23232323232,"France"
"837",16.7344427846467,1999.23232323232,"Switzerland"
"838",17.565426506964,1999.23232323232,"Italy"
"839",29.8219896458189,1999.23232323232,"Sweden"
"840",16.6613832078371,1999.23232323232,"Austria"
"841",26.7958073064538,1999.23232323232,"Canada"
"842",28.664609730204,1999.23232323232,"Netherlands"
"843",21.5138578546299,1999.23232323232,"Australia"
"844",30.1432716653687,1999.23232323232,"United States"
"845",16.9186345446639,1999.23232323232,"Spain"
"846",42.7922380322385,1999.23232323232,"Finland"
"847",37.6820165043335,1999.23232323232,"South Korea"
"848",24.147754752187,1999.23232323232,"China"
"849",32.1671963527695,1999.52525252525,"Japan"
"850",20.1988432383998,1999.52525252525,"Germany"
"851",26.1217400623899,1999.52525252525,"United Kingdom"
"852",22.1284426118787,1999.52525252525,"France"
"853",17.0749365800736,1999.52525252525,"Switzerland"
"854",17.7192329909733,1999.52525252525,"Italy"
"855",30.4238109034067,1999.52525252525,"Sweden"
"856",16.8935728716792,1999.52525252525,"Austria"
"857",27.652690261684,1999.52525252525,"Canada"
"858",29.3109798007918,1999.52525252525,"Netherlands"
"859",22.7755552242143,1999.52525252525,"Australia"
"860",31.1216907341758,1999.52525252525,"United States"
"861",17.244957906065,1999.52525252525,"Spain"
"862",44.2896071603638,1999.52525252525,"Finland"
"863",38.0167555421414,1999.52525252525,"South Korea"
"864",25.2626860187485,1999.52525252525,"China"
"865",32.4977911828174,1999.81818181818,"Japan"
"866",20.6030485238234,1999.81818181818,"Germany"
"867",26.8955564474785,1999.81818181818,"United Kingdom"
"868",22.6934779890375,1999.81818181818,"France"
"869",17.4154303755006,1999.81818181818,"Switzerland"
"870",17.8730394749826,1999.81818181818,"Italy"
"871",31.0256321609945,1999.81818181818,"Sweden"
"872",17.1257625355213,1999.81818181818,"Austria"
"873",28.5095732169142,1999.81818181818,"Canada"
"874",29.9573498713797,1999.81818181818,"Netherlands"
"875",24.0372525937986,1999.81818181818,"Australia"
"876",32.1001098029829,1999.81818181818,"United States"
"877",17.571281267466,1999.81818181818,"Spain"
"878",45.7869762884892,1999.81818181818,"Finland"
"879",38.3514945799493,1999.81818181818,"South Korea"
"880",26.3776172853101,1999.81818181818,"China"
"881",32.8138722405875,2000.11111111111,"Japan"
"882",20.9758515080508,2000.11111111111,"Germany"
"883",27.648078673875,2000.11111111111,"United Kingdom"
"884",23.2055491614031,2000.11111111111,"France"
"885",17.7425220457781,2000.11111111111,"Switzerland"
"886",18.0355355533758,2000.11111111111,"Italy"
"887",31.5380387443117,2000.11111111111,"Sweden"
"888",17.2936687449725,2000.11111111111,"Austria"
"889",29.3097793864199,2000.11111111111,"Canada"
"890",30.5411463600768,2000.11111111111,"Netherlands"
"891",25.03324406732,2000.11111111111,"Australia"
"892",32.9705569259563,2000.11111111111,"United States"
"893",18.0701171823842,2000.11111111111,"Spain"
"894",47.1572408057498,2000.11111111111,"Finland"
"895",38.7373402160033,2000.11111111111,"South Korea"
"896",27.4458152654212,2000.11111111111,"China"
"897",33.106203489176,2000.40404040404,"Japan"
"898",21.2972689085028,2000.40404040404,"Germany"
"899",28.3657559133209,2000.40404040404,"United Kingdom"
"900",23.630951635016,2000.40404040404,"France"
"901",18.0476829658113,2000.40404040404,"Switzerland"
"902",18.2122509680336,2000.40404040404,"Italy"
"903",31.904130406095,2000.40404040404,"Sweden"
"904",17.3563838472386,2000.40404040404,"Austria"
"905",30.0172417247401,2000.40404040404,"Canada"
"906",31.022549714771,2000.40404040404,"Netherlands"
"907",25.5944440745564,2000.40404040404,"Australia"
"908",33.6643226830203,2000.40404040404,"United States"
"909",18.8512463666941,2000.40404040404,"Spain"
"910",48.3195159597772,2000.40404040404,"Finland"
"911",39.2068148310056,2000.40404040404,"South Korea"
"912",28.4375405949768,2000.40404040404,"China"
"913",33.3985347377645,2000.69696969697,"Japan"
"914",21.6186863089548,2000.69696969697,"Germany"
"915",29.0834331527668,2000.69696969697,"United Kingdom"
"916",24.0563541086289,2000.69696969697,"France"
"917",18.3528438858445,2000.69696969697,"Switzerland"
"918",18.3889663826914,2000.69696969697,"Italy"
"919",32.2702220678784,2000.69696969697,"Sweden"
"920",17.4190989495047,2000.69696969697,"Austria"
"921",30.7247040630603,2000.69696969697,"Canada"
"922",31.5039530694652,2000.69696969697,"Netherlands"
"923",26.1556440817929,2000.69696969697,"Australia"
"924",34.3580884400842,2000.69696969697,"United States"
"925",19.6323755510041,2000.69696969697,"Spain"
"926",49.4817911138046,2000.69696969697,"Finland"
"927",39.6762894460079,2000.69696969697,"South Korea"
"928",29.4292659245325,2000.69696969697,"China"
"929",33.690865986353,2000.9898989899,"Japan"
"930",21.9401037094069,2000.9898989899,"Germany"
"931",29.8011103922126,2000.9898989899,"United Kingdom"
"932",24.4817565822418,2000.9898989899,"France"
"933",18.6580048058777,2000.9898989899,"Switzerland"
"934",18.5656817973491,2000.9898989899,"Italy"
"935",32.6363137296617,2000.9898989899,"Sweden"
"936",17.4818140517707,2000.9898989899,"Austria"
"937",31.4321664013804,2000.9898989899,"Canada"
"938",31.9853564241594,2000.9898989899,"Netherlands"
"939",26.7168440890294,2000.9898989899,"Australia"
"940",35.0518541971482,2000.9898989899,"United States"
"941",20.413504735314,2000.9898989899,"Spain"
"942",50.6440662678319,2000.9898989899,"Finland"
"943",40.1457640610102,2000.9898989899,"South Korea"
"944",30.4209912540882,2000.9898989899,"China"
"945",33.8771056657736,2001.28282828283,"Japan"
"946",22.2729808739442,2001.28282828283,"Germany"
"947",30.324743220675,2001.28282828283,"United Kingdom"
"948",24.9234873412783,2001.28282828283,"France"
"949",18.9466104353125,2001.28282828283,"Switzerland"
"950",18.7836188791756,2001.28282828283,"Italy"
"951",32.6621755951058,2001.28282828283,"Sweden"
"952",17.6987350965513,2001.28282828283,"Austria"
"953",31.9393754129656,2001.28282828283,"Canada"
"954",32.4473776462556,2001.28282828283,"Netherlands"
"955",27.5756994499176,2001.28282828283,"Australia"
"956",35.5764581409811,2001.28282828283,"United States"
"957",21.0953790570973,2001.28282828283,"Spain"
"958",51.8812131369848,2001.28282828283,"Finland"
"959",40.3186125691741,2001.28282828283,"South Korea"
"960",30.8872469181223,2001.28282828283,"China"
"961",34.0595563605811,2001.57575757576,"Japan"
"962",22.6062673157704,2001.57575757576,"Germany"
"963",30.8414458916023,2001.57575757576,"United Kingdom"
"964",25.3658012533657,2001.57575757576,"France"
"965",19.2346248043687,2001.57575757576,"Switzerland"
"966",19.0030281634009,2001.57575757576,"Italy"
"967",32.6758863963949,2001.57575757576,"Sweden"
"968",17.9211634964216,2001.57575757576,"Austria"
"969",32.4394325200245,2001.57575757576,"Canada"
"970",32.9087066493305,2001.57575757576,"Netherlands"
"971",28.4451853591505,2001.57575757576,"Australia"
"972",36.0950205914843,2001.57575757576,"United States"
"973",21.7737085623617,2001.57575757576,"Spain"
"974",53.1210339959635,2001.57575757576,"Finland"
"975",40.4808672878081,2001.57575757576,"South Korea"
"976",31.3347358083878,2001.57575757576,"China"
"977",34.2420070553886,2001.86868686869,"Japan"
"978",22.9395537575965,2001.86868686869,"Germany"
"979",31.3581485625295,2001.86868686869,"United Kingdom"
"980",25.8081151654531,2001.86868686869,"France"
"981",19.522639173425,2001.86868686869,"Switzerland"
"982",19.2224374476262,2001.86868686869,"Italy"
"983",32.6895971976841,2001.86868686869,"Sweden"
"984",18.143591896292,2001.86868686869,"Austria"
"985",32.9394896270834,2001.86868686869,"Canada"
"986",33.3700356524053,2001.86868686869,"Netherlands"
"987",29.3146712683835,2001.86868686869,"Australia"
"988",36.6135830419875,2001.86868686869,"United States"
"989",22.4520380676262,2001.86868686869,"Spain"
"990",54.3608548549423,2001.86868686869,"Finland"
"991",40.643122006442,2001.86868686869,"South Korea"
"992",31.7822246986533,2001.86868686869,"China"
"993",34.4035261782865,2002.16161616162,"Japan"
"994",23.2753037495583,2002.16161616162,"Germany"
"995",31.81891303847,2002.16161616162,"United Kingdom"
"996",26.2421377726663,2002.16161616162,"France"
"997",19.8032106786836,2002.16161616162,"Switzerland"
"998",19.5562562231126,2002.16161616162,"Italy"
"999",32.6595581919369,2002.16161616162,"Sweden"
"1000",18.4709411365706,2002.16161616162,"Austria"
"1001",33.4903935740242,2002.16161616162,"Canada"
"1002",33.5444847247182,2002.16161616162,"Netherlands"
"1003",29.9846408174434,2002.16161616162,"Australia"
"1004",37.0610634399051,2002.16161616162,"United States"
"1005",23.0255200148535,2002.16161616162,"Spain"
"1006",55.4837101658561,2002.16161616162,"Finland"
"1007",40.7935838030601,2002.16161616162,"South Korea"
"1008",32.4869591630577,2002.16161616162,"China"
"1009",34.5480383990077,2002.45454545455,"Japan"
"1010",23.6130553760053,2002.45454545455,"Germany"
"1011",32.2342277309838,2002.45454545455,"United Kingdom"
"1012",26.6694236946692,2002.45454545455,"France"
"1013",20.0777348571066,2002.45454545455,"Switzerland"
"1014",19.9830327102486,2002.45454545455,"Italy"
"1015",32.5939724679728,2002.45454545455,"Sweden"
"1016",18.8835385596808,2002.45454545455,"Austria"
"1017",34.082610578369,2002.45454545455,"Canada"
"1018",33.4858438532869,2002.45454545455,"Netherlands"
"1019",30.4925033238628,2002.45454545455,"Australia"
"1020",37.4507896700969,2002.45454545455,"United States"
"1021",23.5138133211757,2002.45454545455,"Spain"
"1022",56.5115309689671,2002.45454545455,"Finland"
"1023",40.9344638505402,2002.45454545455,"South Korea"
"1024",33.4007056564498,2002.45454545455,"China"
"1025",34.6925506197289,2002.74747474747,"Japan"
"1026",23.9508070024523,2002.74747474747,"Germany"
"1027",32.6495424234976,2002.74747474747,"United Kingdom"
"1028",27.0967096166721,2002.74747474747,"France"
"1029",20.3522590355296,2002.74747474747,"Switzerland"
"1030",20.4098091973846,2002.74747474747,"Italy"
"1031",32.5283867440087,2002.74747474747,"Sweden"
"1032",19.296135982791,2002.74747474747,"Austria"
"1033",34.6748275827137,2002.74747474747,"Canada"
"1034",33.4272029818556,2002.74747474747,"Netherlands"
"1035",31.0003658302822,2002.74747474747,"Australia"
"1036",37.8405159002887,2002.74747474747,"United States"
"1037",24.0021066274978,2002.74747474747,"Spain"
"1038",57.5393517720781,2002.74747474747,"Finland"
"1039",41.0753438980203,2002.74747474747,"South Korea"
"1040",34.314452149842,2002.74747474747,"China"
"1041",34.851846924311,2003.0404040404,"Japan"
"1042",24.3000402454385,2003.0404040404,"Germany"
"1043",33.0767544813855,2003.0404040404,"United Kingdom"
"1044",27.5076650056998,2003.0404040404,"France"
"1045",20.6247326518141,2003.0404040404,"Switzerland"
"1046",20.8314669199654,2003.0404040404,"Italy"
"1047",32.4940297392522,2003.0404040404,"Sweden"
"1048",19.685856327904,2003.0404040404,"Austria"
"1049",35.3062325402016,2003.0404040404,"Canada"
"1050",33.3642842252786,2003.0404040404,"Netherlands"
"1051",31.5381801567358,2003.0404040404,"Australia"
"1052",38.2400799334255,2003.0404040404,"United States"
"1053",24.4400045079063,2003.0404040404,"Spain"
"1054",58.573447628209,2003.0404040404,"Finland"
"1055",41.2570585536639,2003.0404040404,"South Korea"
"1056",35.2514595222983,2003.0404040404,"China"
"1057",35.1035437530238,2003.33333333333,"Japan"
"1058",24.7210335917942,2003.33333333333,"Germany"
"1059",33.5783250728613,2003.33333333333,"United Kingdom"
"1060",27.8165545636323,2003.33333333333,"France"
"1061",20.8843902547328,2003.33333333333,"Switzerland"
"1062",21.2211323640757,2003.33333333333,"Italy"
"1063",32.654852229543,2003.33333333333,"Sweden"
"1064",19.9325949355345,2003.33333333333,"Austria"
"1065",36.1825622048336,2003.33333333333,"Canada"
"1066",33.2746286865414,2003.33333333333,"Netherlands"
"1067",32.2631933584034,2003.33333333333,"Australia"
"1068",38.7011302349691,2003.33333333333,"United States"
"1069",24.5629309763544,2003.33333333333,"Spain"
"1070",59.6467625657146,2003.33333333333,"Finland"
"1071",41.6939895103298,2003.33333333333,"South Korea"
"1072",36.333847388905,2003.33333333333,"China"
"1073",35.3552405817366,2003.62626262626,"Japan"
"1074",25.14202693815,2003.62626262626,"Germany"
"1075",34.0798956643371,2003.62626262626,"United Kingdom"
"1076",28.1254441215648,2003.62626262626,"France"
"1077",21.1440478576514,2003.62626262626,"Switzerland"
"1078",21.6107978081859,2003.62626262626,"Italy"
"1079",32.8156747198338,2003.62626262626,"Sweden"
"1080",20.179333543165,2003.62626262626,"Austria"
"1081",37.0588918694657,2003.62626262626,"Canada"
"1082",33.1849731478041,2003.62626262626,"Netherlands"
"1083",32.9882065600711,2003.62626262626,"Australia"
"1084",39.1621805365127,2003.62626262626,"United States"
"1085",24.6858574448024,2003.62626262626,"Spain"
"1086",60.7200775032201,2003.62626262626,"Finland"
"1087",42.1309204669957,2003.62626262626,"South Korea"
"1088",37.4162352555118,2003.62626262626,"China"
"1089",35.6069374104494,2003.91919191919,"Japan"
"1090",25.5630202845058,2003.91919191919,"Germany"
"1091",34.5814662558129,2003.91919191919,"United Kingdom"
"1092",28.4343336794973,2003.91919191919,"France"
"1093",21.4037054605701,2003.91919191919,"Switzerland"
"1094",22.0004632522962,2003.91919191919,"Italy"
"1095",32.9764972101247,2003.91919191919,"Sweden"
"1096",20.4260721507954,2003.91919191919,"Austria"
"1097",37.9352215340977,2003.91919191919,"Canada"
"1098",33.0953176090669,2003.91919191919,"Netherlands"
"1099",33.7132197617387,2003.91919191919,"Australia"
"1100",39.6232308380562,2003.91919191919,"United States"
"1101",24.8087839132504,2003.91919191919,"Spain"
"1102",61.7933924407256,2003.91919191919,"Finland"
"1103",42.5678514236616,2003.91919191919,"South Korea"
"1104",38.4986231221185,2003.91919191919,"China"
"1105",35.8616662545684,2004.21212121212,"Japan"
"1106",25.9402456054952,2004.21212121212,"Germany"
"1107",34.9729632195218,2004.21212121212,"United Kingdom"
"1108",28.6643482899594,2004.21212121212,"France"
"1109",21.5891636226692,2004.21212121212,"Switzerland"
"1110",22.4496899667351,2004.21212121212,"Italy"
"1111",33.1582320952888,2004.21212121212,"Sweden"
"1112",20.7366298137414,2004.21212121212,"Austria"
"1113",38.7002670547479,2004.21212121212,"Canada"
"1114",32.937533373018,2004.21212121212,"Netherlands"
"1115",34.2426115305055,2004.21212121212,"Australia"
"1116",40.0299175956452,2004.21212121212,"United States"
"1117",25.1434454281825,2004.21212121212,"Spain"
"1118",62.4950591752785,2004.21212121212,"Finland"
"1119",42.9768920868452,2004.21212121212,"South Korea"
"1120",39.585425900691,2004.21212121212,"China"
"1121",36.1175501521754,2004.50505050505,"Japan"
"1122",26.3007973930117,2004.50505050505,"Germany"
"1123",35.3225273726527,2004.50505050505,"United Kingdom"
"1124",28.8643153013852,2004.50505050505,"France"
"1125",21.7463553311228,2004.50505050505,"Switzerland"
"1126",22.9216066889182,2004.50505050505,"Italy"
"1127",33.3479336070715,2004.50505050505,"Sweden"
"1128",21.0714994977599,2004.50505050505,"Austria"
"1129",39.4229186157859,2004.50505050505,"Canada"
"1130",32.7537953475172,2004.50505050505,"Netherlands"
"1131",34.6974808486434,2004.50505050505,"Australia"
"1132",40.4158944317277,2004.50505050505,"United States"
"1133",25.5587679132038,2004.50505050505,"Spain"
"1134",63.0551456420399,2004.50505050505,"Finland"
"1135",43.3753078763213,2004.50505050505,"South Korea"
"1136",40.6739105504886,2004.50505050505,"China"
"1137",36.3734340497824,2004.79797979798,"Japan"
"1138",26.6613491805282,2004.79797979798,"Germany"
"1139",35.6720915257837,2004.79797979798,"United Kingdom"
"1140",29.064282312811,2004.79797979798,"France"
"1141",21.9035470395764,2004.79797979798,"Switzerland"
"1142",23.3935234111012,2004.79797979798,"Italy"
"1143",33.5376351188541,2004.79797979798,"Sweden"
"1144",21.4063691817785,2004.79797979798,"Austria"
"1145",40.145570176824,2004.79797979798,"Canada"
"1146",32.5700573220163,2004.79797979798,"Netherlands"
"1147",35.1523501667813,2004.79797979798,"Australia"
"1148",40.8018712678102,2004.79797979798,"United States"
"1149",25.9740903982251,2004.79797979798,"Spain"
"1150",63.6152321088012,2004.79797979798,"Finland"
"1151",43.7737236657974,2004.79797979798,"South Korea"
"1152",41.7623952002861,2004.79797979798,"China"
"1153",36.6344072750839,2005.09090909091,"Japan"
"1154",27.0081380647601,2005.09090909091,"Germany"
"1155",36.0344438973621,2005.09090909091,"United Kingdom"
"1156",29.319881274072,2005.09090909091,"France"
"1157",22.0790860458924,2005.09090909091,"Switzerland"
"1158",23.8315112507869,2005.09090909091,"Italy"
"1159",33.759912105536,2005.09090909091,"Sweden"
"1160",21.7948557116867,2005.09090909091,"Austria"
"1161",40.9396436523579,2005.09090909091,"Canada"
"1162",32.342772700608,2005.09090909091,"Netherlands"
"1163",35.6521863474793,2005.09090909091,"Australia"
"1164",41.215353214087,2005.09090909091,"United States"
"1165",26.3278066883985,2005.09090909091,"Spain"
"1166",64.1314957590324,2005.09090909091,"Finland"
"1167",44.1946537301391,2005.09090909091,"South Korea"
"1168",42.9125130017916,2005.09090909091,"China"
"1169",36.9066901174839,2005.38383838384,"Japan"
"1170",27.3243427194706,2005.38383838384,"Germany"
"1171",36.4252145321569,2005.38383838384,"United Kingdom"
"1172",29.6991067905223,2005.38383838384,"France"
"1173",22.295396825236,2005.38383838384,"Switzerland"
"1174",24.1941015738118,2005.38383838384,"Italy"
"1175",34.0545790364387,2005.38383838384,"Sweden"
"1176",22.3024907880164,2005.38383838384,"Austria"
"1177",41.8924324934384,2005.38383838384,"Canada"
"1178",32.018717866072,2005.38383838384,"Netherlands"
"1179",36.2519488894221,2005.38383838384,"Australia"
"1180",41.6899576274622,2005.38383838384,"United States"
"1181",26.5446203233546,2005.38383838384,"Spain"
"1182",64.5503753725297,2005.38383838384,"Finland"
"1183",44.6656155164044,2005.38383838384,"South Korea"
"1184",44.1995933626479,2005.38383838384,"China"
"1185",37.178972959884,2005.67676767677,"Japan"
"1186",27.6405473741811,2005.67676767677,"Germany"
"1187",36.8159851669518,2005.67676767677,"United Kingdom"
"1188",30.0783323069726,2005.67676767677,"France"
"1189",22.5117076045795,2005.67676767677,"Switzerland"
"1190",24.5566918968367,2005.67676767677,"Italy"
"1191",34.3492459673414,2005.67676767677,"Sweden"
"1192",22.8101258643462,2005.67676767677,"Austria"
"1193",42.8452213345189,2005.67676767677,"Canada"
"1194",31.694663031536,2005.67676767677,"Netherlands"
"1195",36.8517114313648,2005.67676767677,"Australia"
"1196",42.1645620408373,2005.67676767677,"United States"
"1197",26.7614339583108,2005.67676767677,"Spain"
"1198",64.969254986027,2005.67676767677,"Finland"
"1199",45.1365773026698,2005.67676767677,"South Korea"
"1200",45.4866737235042,2005.67676767677,"China"
"1201",37.451255802284,2005.9696969697,"Japan"
"1202",27.9567520288916,2005.9696969697,"Germany"
"1203",37.2067558017466,2005.9696969697,"United Kingdom"
"1204",30.4575578234229,2005.9696969697,"France"
"1205",22.728018383923,2005.9696969697,"Switzerland"
"1206",24.9192822198616,2005.9696969697,"Italy"
"1207",34.6439128982441,2005.9696969697,"Sweden"
"1208",23.3177609406759,2005.9696969697,"Austria"
"1209",43.7980101755994,2005.9696969697,"Canada"
"1210",31.370608197,2005.9696969697,"Netherlands"
"1211",37.4514739733076,2005.9696969697,"Australia"
"1212",42.6391664542125,2005.9696969697,"United States"
"1213",26.9782475932669,2005.9696969697,"Spain"
"1214",65.3881345995242,2005.9696969697,"Finland"
"1215",45.6075390889351,2005.9696969697,"South Korea"
"1216",46.7737540843606,2005.9696969697,"China"
"1217",37.7202849514623,2006.26262626263,"Japan"
"1218",28.2342462577529,2006.26262626263,"Germany"
"1219",37.744286566349,2006.26262626263,"United Kingdom"
"1220",30.7641910654593,2006.26262626263,"France"
"1221",22.8366390047232,2006.26262626263,"Switzerland"
"1222",25.2656982176131,2006.26262626263,"Italy"
"1223",35.4206647223062,2006.26262626263,"Sweden"
"1224",23.7442994137116,2006.26262626263,"Austria"
"1225",44.5415848544353,2006.26262626263,"Canada"
"1226",31.0003530761838,2006.26262626263,"Netherlands"
"1227",37.8667624701181,2006.26262626263,"Australia"
"1228",43.1827438307726,2006.26262626263,"United States"
"1229",27.4548753944153,2006.26262626263,"Spain"
"1230",65.5003786537163,2006.26262626263,"Finland"
"1231",46.1254082595034,2006.26262626263,"South Korea"
"1232",47.7951442764742,2006.26262626263,"China"
"1233",37.9889386744996,2006.55555555556,"Japan"
"1234",28.5072738990162,2006.55555555556,"Germany"
"1235",38.298751192083,2006.55555555556,"United Kingdom"
"1236",31.0624482758326,2006.55555555556,"France"
"1237",22.9328338379992,2006.55555555556,"Switzerland"
"1238",25.6102479470638,2006.55555555556,"Italy"
"1239",36.2530417263482,2006.55555555556,"Sweden"
"1240",24.1614805863672,2006.55555555556,"Austria"
"1241",45.2610194376277,2006.55555555556,"Canada"
"1242",30.6247671531045,2006.55555555556,"Netherlands"
"1243",38.2607655001825,2006.55555555556,"Australia"
"1244",43.7342796261617,2006.55555555556,"United States"
"1245",27.9614817532012,2006.55555555556,"Spain"
"1246",65.5772416818347,2006.55555555556,"Finland"
"1247",46.6486898205682,2006.55555555556,"South Korea"
"1248",48.7858779106559,2006.55555555556,"China"
"1249",38.2575923975369,2006.84848484848,"Japan"
"1250",28.7803015402794,2006.84848484848,"Germany"
"1251",38.853215817817,2006.84848484848,"United Kingdom"
"1252",31.3607054862059,2006.84848484848,"France"
"1253",23.0290286712752,2006.84848484848,"Switzerland"
"1254",25.9547976765146,2006.84848484848,"Italy"
"1255",37.0854187303901,2006.84848484848,"Sweden"
"1256",24.5786617590227,2006.84848484848,"Austria"
"1257",45.98045402082,2006.84848484848,"Canada"
"1258",30.2491812300251,2006.84848484848,"Netherlands"
"1259",38.654768530247,2006.84848484848,"Australia"
"1260",44.2858154215508,2006.84848484848,"United States"
"1261",28.4680881119872,2006.84848484848,"Spain"
"1262",65.6541047099531,2006.84848484848,"Finland"
"1263",47.171971381633,2006.84848484848,"South Korea"
"1264",49.7766115448376,2006.84848484848,"China"
"1265",38.5245434523366,2007.14141414141,"Japan"
"1266",29.0270982497255,2007.14141414141,"Germany"
"1267",39.4088793041058,2007.14141414141,"United Kingdom"
"1268",31.6541392978159,2007.14141414141,"France"
"1269",23.1954297201072,2007.14141414141,"Switzerland"
"1270",26.3534016365247,2007.14141414141,"Italy"
"1271",38.0658194933654,2007.14141414141,"Sweden"
"1272",24.8866925794887,2007.14141414141,"Austria"
"1273",46.6403865809681,2007.14141414141,"Canada"
"1274",30.0917265596401,2007.14141414141,"Netherlands"
"1275",39.0429686210427,2007.14141414141,"Australia"
"1276",44.8481995584539,2007.14141414141,"United States"
"1277",28.9472644378044,2007.14141414141,"Spain"
"1278",65.800916777675,2007.14141414141,"Finland"
"1279",47.5996925102921,2007.14141414141,"South Korea"
"1280",50.7029587924231,2007.14141414141,"China"
"1281",38.7896702197388,2007.43434343434,"Japan"
"1282",29.2457903893674,2007.43434343434,"Germany"
"1283",39.9658272838462,2007.43434343434,"United Kingdom"
"1284",31.9424051821796,2007.43434343434,"France"
"1285",23.4370517141777,2007.43434343434,"Switzerland"
"1286",26.8099208435627,2007.43434343434,"Italy"
"1287",39.2048171409121,2007.43434343434,"Sweden"
"1288",25.0777765940372,2007.43434343434,"Austria"
"1289",47.2365669735688,2007.43434343434,"Canada"
"1290",30.1679839457132,2007.43434343434,"Netherlands"
"1291",39.4249512769076,2007.43434343434,"Australia"
"1292",45.4222069184076,2007.43434343434,"United States"
"1293",29.3970514425837,2007.43434343434,"Spain"
"1294",66.022674244972,2007.43434343434,"Finland"
"1295",47.9250274613737,2007.43434343434,"South Korea"
"1296",51.5603206257983,2007.43434343434,"China"
"1297",39.054796987141,2007.72727272727,"Japan"
"1298",29.4644825290093,2007.72727272727,"Germany"
"1299",40.5227752635866,2007.72727272727,"United Kingdom"
"1300",32.2306710665433,2007.72727272727,"France"
"1301",23.6786737082483,2007.72727272727,"Switzerland"
"1302",27.2664400506007,2007.72727272727,"Italy"
"1303",40.3438147884588,2007.72727272727,"Sweden"
"1304",25.2688606085857,2007.72727272727,"Austria"
"1305",47.8327473661694,2007.72727272727,"Canada"
"1306",30.2442413317864,2007.72727272727,"Netherlands"
"1307",39.8069339327725,2007.72727272727,"Australia"
"1308",45.9962142783614,2007.72727272727,"United States"
"1309",29.8468384473629,2007.72727272727,"Spain"
"1310",66.244431712269,2007.72727272727,"Finland"
"1311",48.2503624124553,2007.72727272727,"South Korea"
"1312",52.4176824591736,2007.72727272727,"China"
"1313",39.3123223400436,2008.0202020202,"Japan"
"1314",29.666485341438,2008.0202020202,"Germany"
"1315",41.0596669690677,2008.0202020202,"United Kingdom"
"1316",32.5064098222495,2008.0202020202,"France"
"1317",23.9062043830408,2008.0202020202,"Switzerland"
"1318",27.7144307513072,2008.0202020202,"Italy"
"1319",41.4468847300334,2008.0202020202,"Sweden"
"1320",25.4474331297978,2008.0202020202,"Austria"
"1321",48.4165057159567,2008.0202020202,"Canada"
"1322",30.304889118164,2008.0202020202,"Netherlands"
"1323",40.1831711353256,2008.0202020202,"Australia"
"1324",46.5456193813587,2008.0202020202,"United States"
"1325",30.3035711818274,2008.0202020202,"Spain"
"1326",66.4274682598921,2008.0202020202,"Finland"
"1327",48.5670502509509,2008.0202020202,"South Korea"
"1328",53.2533132146947,2008.0202020202,"China"
"1329",39.4672285972016,2008.31313131313,"Japan"
"1330",29.643182236488,2008.31313131313,"Germany"
"1331",41.3257989720485,2008.31313131313,"United Kingdom"
"1332",32.6130323410788,2008.31313131313,"France"
"1333",23.9435022475803,2008.31313131313,"Switzerland"
"1334",28.0472866165378,2008.31313131313,"Italy"
"1335",42.0649306409838,2008.31313131313,"Sweden"
"1336",25.4571004909684,2008.31313131313,"Austria"
"1337",48.8325664877636,2008.31313131313,"Canada"
"1338",30.154807308652,2008.31313131313,"Netherlands"
"1339",40.4818447181687,2008.31313131313,"Australia"
"1340",46.7628940154434,2008.31313131313,"United States"
"1341",30.8540712670425,2008.31313131313,"Spain"
"1342",66.0877723919162,2008.31313131313,"Finland"
"1343",48.7670020695365,2008.31313131313,"South Korea"
"1344",53.7955744191861,2008.31313131313,"China"
"1345",39.6221348543596,2008.60606060606,"Japan"
"1346",29.619879131538,2008.60606060606,"Germany"
"1347",41.5919309750293,2008.60606060606,"United Kingdom"
"1348",32.7196548599081,2008.60606060606,"France"
"1349",23.9808001121198,2008.60606060606,"Switzerland"
"1350",28.3801424817685,2008.60606060606,"Italy"
"1351",42.6829765519343,2008.60606060606,"Sweden"
"1352",25.4667678521391,2008.60606060606,"Austria"
"1353",49.2486272595705,2008.60606060606,"Canada"
"1354",30.0047254991399,2008.60606060606,"Netherlands"
"1355",40.7805183010118,2008.60606060606,"Australia"
"1356",46.9801686495282,2008.60606060606,"United States"
"1357",31.4045713522576,2008.60606060606,"Spain"
"1358",65.7480765239404,2008.60606060606,"Finland"
"1359",48.966953888122,2008.60606060606,"South Korea"
"1360",54.3378356236776,2008.60606060606,"China"
"1361",39.7770411115176,2008.89898989899,"Japan"
"1362",29.596576026588,2008.89898989899,"Germany"
"1363",41.8580629780101,2008.89898989899,"United Kingdom"
"1364",32.8262773787374,2008.89898989899,"France"
"1365",24.0180979766593,2008.89898989899,"Switzerland"
"1366",28.7129983469991,2008.89898989899,"Italy"
"1367",43.3010224628847,2008.89898989899,"Sweden"
"1368",25.4764352133097,2008.89898989899,"Austria"
"1369",49.6646880313774,2008.89898989899,"Canada"
"1370",29.8546436896279,2008.89898989899,"Netherlands"
"1371",41.0791918838549,2008.89898989899,"Australia"
"1372",47.1974432836129,2008.89898989899,"United States"
"1373",31.9550714374727,2008.89898989899,"Spain"
"1374",65.4083806559645,2008.89898989899,"Finland"
"1375",49.1669057067076,2008.89898989899,"South Korea"
"1376",54.880096828169,2008.89898989899,"China"
"1377",39.8909617080981,2009.19191919192,"Japan"
"1378",29.5843405348317,2009.19191919192,"Germany"
"1379",42.0507442901625,2009.19191919192,"United Kingdom"
"1380",32.9259206691428,2009.19191919192,"France"
"1381",24.073489047838,2009.19191919192,"Switzerland"
"1382",28.892255470621,2009.19191919192,"Italy"
"1383",43.8826445032296,2009.19191919192,"Sweden"
"1384",25.456721155392,2009.19191919192,"Austria"
"1385",50.1496273401509,2009.19191919192,"Canada"
"1386",29.6813972795963,2009.19191919192,"Netherlands"
"1387",41.2642039681682,2009.19191919192,"Australia"
"1388",47.3559746151937,2009.19191919192,"United States"
"1389",32.3924920814543,2009.19191919192,"Spain"
"1390",65.258112751507,2009.19191919192,"Finland"
"1391",49.3533059148271,2009.19191919192,"South Korea"
"1392",55.1501713081281,2009.19191919192,"China"
"1393",39.9833109043746,2009.48484848485,"Japan"
"1394",29.5779301026511,2009.48484848485,"Germany"
"1395",42.204767343984,2009.48484848485,"United Kingdom"
"1396",33.0218906814304,2009.48484848485,"France"
"1397",24.1384028593531,2009.48484848485,"Switzerland"
"1398",28.9906711512909,2009.48484848485,"Italy"
"1399",44.4450960853611,2009.48484848485,"Sweden"
"1400",25.421543192691,2009.48484848485,"Austria"
"1401",50.6708185104858,2009.48484848485,"Canada"
"1402",29.4959589745543,2009.48484848485,"Netherlands"
"1403",41.3893942111499,2009.48484848485,"Australia"
"1404",47.4835884191408,2009.48484848485,"United States"
"1405",32.7703972300498,2009.48484848485,"Spain"
"1406",65.207543775217,2009.48484848485,"Finland"
"1407",49.5325736963855,2009.48484848485,"South Korea"
"1408",55.2769896172806,2009.48484848485,"China"
"1409",40.0756601006512,2009.77777777778,"Japan"
"1410",29.5715196704705,2009.77777777778,"Germany"
"1411",42.3587903978056,2009.77777777778,"United Kingdom"
"1412",33.117860693718,2009.77777777778,"France"
"1413",24.2033166708683,2009.77777777778,"Switzerland"
"1414",29.0890868319609,2009.77777777778,"Italy"
"1415",45.0075476674926,2009.77777777778,"Sweden"
"1416",25.38636522999,2009.77777777778,"Austria"
"1417",51.1920096808207,2009.77777777778,"Canada"
"1418",29.3105206695124,2009.77777777778,"Netherlands"
"1419",41.5145844541317,2009.77777777778,"Australia"
"1420",47.611202223088,2009.77777777778,"United States"
"1421",33.1483023786454,2009.77777777778,"Spain"
"1422",65.1569747989269,2009.77777777778,"Finland"
"1423",49.7118414779439,2009.77777777778,"South Korea"
"1424",55.4038079264332,2009.77777777778,"China"
"1425",40.1430064490184,2010.07070707071,"Japan"
"1426",29.564746493502,2010.07070707071,"Germany"
"1427",42.5021378779682,2010.07070707071,"United Kingdom"
"1428",33.188388082771,2010.07070707071,"France"
"1429",24.2767219703629,2010.07070707071,"Switzerland"
"1430",29.1918093947537,2010.07070707071,"Italy"
"1431",45.5609304292071,2010.07070707071,"Sweden"
"1432",25.3367175275642,2010.07070707071,"Austria"
"1433",51.6847672943528,2010.07070707071,"Canada"
"1434",29.1671260678788,2010.07070707071,"Netherlands"
"1435",41.6494454853258,2010.07070707071,"Australia"
"1436",47.7328162504706,2010.07070707071,"United States"
"1437",33.5480014602003,2010.07070707071,"Spain"
"1438",65.1729474287643,2010.07070707071,"Finland"
"1439",49.8272129622738,2010.07070707071,"South Korea"
"1440",55.4585374387203,2010.07070707071,"China"
"1441",40.1317724182421,2010.36363636364,"Japan"
"1442",29.5568332614856,2010.36363636364,"Germany"
"1443",42.6119335552027,2010.36363636364,"United Kingdom"
"1444",33.1789529416585,2010.36363636364,"France"
"1445",24.3768148035074,2010.36363636364,"Switzerland"
"1446",29.3080678727899,2010.36363636364,"Italy"
"1447",46.0858111838965,2010.36363636364,"Sweden"
"1448",25.2415935002891,2010.36363636364,"Austria"
"1449",52.0881623007903,2010.36363636364,"Canada"
"1450",29.1558688198139,2010.36363636364,"Netherlands"
"1451",41.8147004223303,2010.36363636364,"Australia"
"1452",47.8355738372221,2010.36363636364,"United States"
"1453",34.0161957596274,2010.36363636364,"Spain"
"1454",65.3980508207163,2010.36363636364,"Finland"
"1455",49.7417675124568,2010.36363636364,"South Korea"
"1456",55.2867021608589,2010.36363636364,"China"
"1457",40.1205383874658,2010.65656565657,"Japan"
"1458",29.5489200294692,2010.65656565657,"Germany"
"1459",42.7217292324372,2010.65656565657,"United Kingdom"
"1460",33.169517800546,2010.65656565657,"France"
"1461",24.4769076366518,2010.65656565657,"Switzerland"
"1462",29.424326350826,2010.65656565657,"Italy"
"1463",46.610691938586,2010.65656565657,"Sweden"
"1464",25.1464694730141,2010.65656565657,"Austria"
"1465",52.4915573072279,2010.65656565657,"Canada"
"1466",29.1446115717491,2010.65656565657,"Netherlands"
"1467",41.9799553593348,2010.65656565657,"Australia"
"1468",47.9383314239736,2010.65656565657,"United States"
"1469",34.4843900590546,2010.65656565657,"Spain"
"1470",65.6231542126682,2010.65656565657,"Finland"
"1471",49.6563220626399,2010.65656565657,"South Korea"
"1472",55.1148668829975,2010.65656565657,"China"
"1473",40.1093043566895,2010.94949494949,"Japan"
"1474",29.5410067974528,2010.94949494949,"Germany"
"1475",42.8315249096717,2010.94949494949,"United Kingdom"
"1476",33.1600826594335,2010.94949494949,"France"
"1477",24.5770004697963,2010.94949494949,"Switzerland"
"1478",29.5405848288622,2010.94949494949,"Italy"
"1479",47.1355726932755,2010.94949494949,"Sweden"
"1480",25.051345445739,2010.94949494949,"Austria"
"1481",52.8949523136654,2010.94949494949,"Canada"
"1482",29.1333543236843,2010.94949494949,"Netherlands"
"1483",42.1452102963393,2010.94949494949,"Australia"
"1484",48.0410890107251,2010.94949494949,"United States"
"1485",34.9525843584817,2010.94949494949,"Spain"
"1486",65.8482576046202,2010.94949494949,"Finland"
"1487",49.5708766128229,2010.94949494949,"South Korea"
"1488",54.9430316051361,2010.94949494949,"China"
"1489",40.1570852559147,2011.24242424242,"Japan"
"1490",29.6507247650395,2011.24242424242,"Germany"
"1491",43.1616164833191,2011.24242424242,"United Kingdom"
"1492",33.1062746112696,2011.24242424242,"France"
"1493",24.9671381628907,2011.24242424242,"Switzerland"
"1494",29.6954223170329,2011.24242424242,"Italy"
"1495",47.5142050173315,2011.24242424242,"Sweden"
"1496",25.0879234526586,2011.24242424242,"Austria"
"1497",53.7100268378287,2011.24242424242,"Canada"
"1498",29.1719597070765,2011.24242424242,"Netherlands"
"1499",42.4184798664475,2011.24242424242,"Australia"
"1500",48.2343104707996,2011.24242424242,"United States"
"1501",35.1286174843842,2011.24242424242,"Spain"
"1502",66.4251869544554,2011.24242424242,"Finland"
"1503",49.401790184513,2011.24242424242,"South Korea"
"1504",54.9325045374691,2011.24242424242,"China"
"1505",40.2171609322236,2011.53535353535,"Japan"
"1506",29.7849492325436,2011.53535353535,"Germany"
"1507",43.537603035386,2011.53535353535,"United Kingdom"
"1508",33.04322220747,2011.53535353535,"France"
"1509",25.4177018684746,2011.53535353535,"Switzerland"
"1510",29.8582970989816,2011.53535353535,"Italy"
"1511",47.8623689183388,2011.53535353535,"Sweden"
"1512",25.1519393833688,2011.53535353535,"Austria"
"1513",54.6108679281848,2011.53535353535,"Canada"
"1514",29.2209531386889,2011.53535353535,"Netherlands"
"1515",42.7142524851191,2011.53535353535,"Australia"
"1516",48.4463785711497,2011.53535353535,"United States"
"1517",35.2437836991356,2011.53535353535,"Spain"
"1518",67.0754133788496,2011.53535353535,"Finland"
"1519",49.2152785523504,2011.53535353535,"South Korea"
"1520",54.9555833469259,2011.53535353535,"China"
"1521",40.2772366085325,2011.82828282828,"Japan"
"1522",29.9191737000476,2011.82828282828,"Germany"
"1523",43.9135895874528,2011.82828282828,"United Kingdom"
"1524",32.9801698036704,2011.82828282828,"France"
"1525",25.8682655740585,2011.82828282828,"Switzerland"
"1526",30.0211718809304,2011.82828282828,"Italy"
"1527",48.2105328193462,2011.82828282828,"Sweden"
"1528",25.2159553140789,2011.82828282828,"Austria"
"1529",55.5117090185409,2011.82828282828,"Canada"
"1530",29.2699465703013,2011.82828282828,"Netherlands"
"1531",43.0100251037906,2011.82828282828,"Australia"
"1532",48.6584466714999,2011.82828282828,"United States"
"1533",35.3589499138871,2011.82828282828,"Spain"
"1534",67.7256398032438,2011.82828282828,"Finland"
"1535",49.0287669201878,2011.82828282828,"South Korea"
"1536",54.9786621563828,2011.82828282828,"China"
"1537",40.3026535106447,2012.12121212121,"Japan"
"1538",29.9875759347229,2012.12121212121,"Germany"
"1539",44.1742954180927,2012.12121212121,"United Kingdom"
"1540",32.879656903305,2012.12121212121,"France"
"1541",26.1905562267381,2012.12121212121,"Switzerland"
"1542",29.9409826236835,2012.12121212121,"Italy"
"1543",48.3029215754911,2012.12121212121,"Sweden"
"1544",25.225968760073,2012.12121212121,"Austria"
"1545",56.2722656573883,2012.12121212121,"Canada"
"1546",29.2526387370202,2012.12121212121,"Netherlands"
"1547",43.2488097017505,2012.12121212121,"Australia"
"1548",48.7962599624645,2012.12121212121,"United States"
"1549",35.5385518868333,2012.12121212121,"Spain"
"1550",68.1590237705941,2012.12121212121,"Finland"
"1551",48.8769472701075,2012.12121212121,"South Korea"
"1552",54.8608863875939,2012.12121212121,"China"
"1553",40.2789704826449,2012.41414141414,"Japan"
"1554",29.962730006224,2012.41414141414,"Germany"
"1555",44.2716868933777,2012.41414141414,"United Kingdom"
"1556",32.7260749661381,2012.41414141414,"France"
"1557",26.3311267211369,2012.41414141414,"Switzerland"
"1558",29.5164526442429,2012.41414141414,"Italy"
"1559",48.0329622097477,2012.41414141414,"Sweden"
"1560",25.1594786860526,2012.41414141414,"Austria"
"1561",56.8340859899317,2012.41414141414,"Canada"
"1562",29.1414041118069,2012.41414141414,"Netherlands"
"1563",43.406861270369,2012.41414141414,"Australia"
"1564",48.8288789401329,2012.41414141414,"United States"
"1565",35.8094378505554,2012.41414141414,"Spain"
"1566",68.2852142571323,2012.41414141414,"Finland"
"1567",48.7742745946437,2012.41414141414,"South Korea"
"1568",54.5435666329568,2012.41414141414,"China"
"1569",40.2552874546451,2012.70707070707,"Japan"
"1570",29.9378840777252,2012.70707070707,"Germany"
"1571",44.3690783686627,2012.70707070707,"United Kingdom"
"1572",32.5724930289711,2012.70707070707,"France"
"1573",26.4716972155356,2012.70707070707,"Switzerland"
"1574",29.0919226648023,2012.70707070707,"Italy"
"1575",47.7630028440043,2012.70707070707,"Sweden"
"1576",25.0929886120321,2012.70707070707,"Austria"
"1577",57.3959063224751,2012.70707070707,"Canada"
"1578",29.0301694865936,2012.70707070707,"Netherlands"
"1579",43.5649128389875,2012.70707070707,"Australia"
"1580",48.8614979178014,2012.70707070707,"United States"
"1581",36.0803238142774,2012.70707070707,"Spain"
"1582",68.4114047436705,2012.70707070707,"Finland"
"1583",48.6716019191799,2012.70707070707,"South Korea"
"1584",54.2262468783197,2012.70707070707,"China"
"1585",40.2316044266454,2013,"Japan"
"1586",29.9130381492263,2013,"Germany"
"1587",44.4664698439477,2013,"United Kingdom"
"1588",32.4189110918042,2013,"France"
"1589",26.6122677099343,2013,"Switzerland"
"1590",28.6673926853616,2013,"Italy"
"1591",47.4930434782609,2013,"Sweden"
"1592",25.0264985380117,2013,"Austria"
"1593",57.9577266550184,2013,"Canada"
"1594",28.9189348613803,2013,"Netherlands"
"1595",43.722964407606,2013,"Australia"
"1596",48.8941168954698,2013,"United States"
"1597",36.3512097779995,2013,"Spain"
"1598",68.5375952302087,2013,"Finland"
"1599",48.5689292437161,2013,"South Korea"
"1600",53.9089271236826,2013,"China"
